Sentiment,p-value
POS,1.427280128901858e-17
NEG,2.9038301213121053e-18
NEU,0.027681342949669254
