Emotion,p-value
others,0.0456473408158669
joy,0.01292833844937936
sadness,0.011945701782766348
anger,0.11173550301591323
surprise,5.207689599461828e-07
disgust,0.6179158877892621
fear,4.349195345668892e-05
