Sentiment,p-value
POS,1.9754978659627535e-17
NEG,5.0803322506767067e-20
NEU,0.033350773370027925
